1349.00,京品手机Redmi,Note,9,Pro,5G,一亿像素,骁龙750G,33W快充,120Hz刷新率,湖光秋色,8GB+256GB,智能手机,小米,红米
599.00,Redmi,9A,5000mAh大电量,1300万AI相机,八核处理器,人脸解锁,4GB+64GB,砂石黑,智能手机,小米,红米
1269.00,Redmi,Note,11,5G,天玑810,33W,Pro快充,5000mAh大电池,6GB,+128GB,神秘黑境,智能手机,小米,红米
699.00,Redmi,10A,5000mAh大电量,1300万AI相机,八核处理器,指纹解锁,4GB+64GB,暗影黑,智能手机,小米,红米
2399.00,Redmi,K50,天玑8100,2K柔性直屏,OIS光学防抖,67W快充,5500mAh大电量,墨羽,8GB+128GB,5G智能手机,小米红米
581.00,小米红米9A,智能老人手机,4G全网通,晴空蓝,4+64G,官方标配
1069.00,Redmi,Note,11,4G,FHD+,90Hz高刷屏,5000万三摄,G88芯片,5000mAh电池,6GB+128GB,梦幻晴空,手机,小米,红米
1999.00,Redmi,K40S,骁龙870,三星E4,AMOLED,120Hz直屏,OIS光学防抖,67W快充,亮黑,8GB+128GB,5G智能手机,小米红米
1599.00,Redmi,Note,11,Pro,5G,三星AMOLED高刷屏,1亿像素,67W快充,VC液冷散热,6GB+128GB,迷雾森林,手机,小米,红米
580.00,小米Redmi,红米9a,智能学生老人手机,砂石黑,4GB+64GB
579.00,小米,Redmi,红米9A,智能老人,手机,【店内红米10A可选】,晴空蓝,全网通,4GB+64GB
2999.00,Redmi,K50,Pro,天玑9000,AMOLED,2K柔性直屏,OIS光学防抖,120W快充,墨羽,8GB+128GB,5G智能手机,小米红米
5499.00,小米11,Ultra,至尊,5G,骁龙888,2K,AMOLED四曲面柔性屏,陶瓷工艺,8GB+256GB,黑色,游戏手机
5399.00,小米12,Pro,骁龙8,Gen1,2K,AMOLED,120Hz高刷,5000万疾速影像,120W小米澎湃秒充,12GB+256GB,黑色,5G手机
3499.00,小米11,5G,骁龙888,2K,AMOLED四曲面柔性屏,1亿像素,55W有线闪充,50W无线闪充,8GB+128GB,黑色,手机
3969.00,小米11,Pro,5G,骁龙888,2K,AMOLED四曲面柔性屏,67W无线闪充,3D玻璃工艺,12GB+256GB,紫色,手机
1199.00,京品手机Redmi,Note,9,5G,天玑800U,18W快充,4800万超清三摄,云墨灰,8GB+128GB,智能手机,小米,红米
1899.00,小米11青春版,骁龙780G处理器,AMOLED柔性直屏,8GB+128GB,冰峰黑提,5G时尚手机
1198.00,小米,红米Note11,5G手机,天玑810,5000mAh大电池,神秘黑境,6GB+128GB碎屏险套装
2999.00,【现货速发】小米11【小米12店内可选】全网通,5G游戏手机,黑色,8G+128GB,官方标配【55W充电套装+30元晒单红包】
578.00,小米红米9A,Redmi,智能学生老人手机【红米10A可选】,砂石黑,全网通(4G+64G)
3999.00,小米12,骁龙8,Gen1,黄金手感,6.28英寸视感屏,120Hz高刷,5000万疾速影像,67W快充,8GB+256GB,黑色,5G手机
578.00,小米,红米9A,Redmi,9A,5000mAh大电量,智能老人手机大音量,智能手机,砂石黑,4G+64GB
3849.00,京品手机Redmi,K50,电竞版,全新骁龙8,双VC液冷散热,OLED柔性直屏,12GB+256GB,暗影,游戏电竞智能5G手机,小米,红米
2688.00,【现货速发】小米10S,5G新品手机,全网通,8G+128G,白色,官方标配【原装33W充电套装+晒单20红包】
1199.00,Redmi,Note,10,5G,天玑700,6.5英寸FHD+高清屏,18W快充,星云灰,6GB+128GB,智能手机,小米,红米
579.00,小米红米9A,Redmi智能老人手机(红米10A店内可选）,砂石黑,官方标配,(4GB+64GB)
6999.00,MIX,FOLD,小米折叠屏手机,5G,2K+折叠屏,骁龙888,一亿像素,哈曼卡顿立体声四扬声器,12GB+512GB,黑色手机
2399.00,小米,Redmi,红米K40,旗舰,5G游戏手机,全网通,亮黑,12G+256G
2599.00,小米,Civi,3200万双柔光自拍120Hz曲面原色屏,4500mAh大电量,立体双扬声器,丝绒AG工艺,5G手机,8G+128GB,粉色
1588.00,【现货速发】小米,Redmi,红米Note11,Pro,5G手机【可选Pro+】,6GB+128GB,神秘黑境,官方标配
2688.00,【现货速发】小米10S,5G新品手机,全网通,8G+128G,白色,官方标配【原装33W充电套装+晒单20红包】
1499.00,小米（MI）Redmi,Note,9,5G,8GB+128GB,流影紫,双卡双待,18W快充,超长续航,游戏手机【移动用户专享优惠】
592.00,小米红米9A,Redmi智能老人手机,4G+64G,晴空蓝,官方标配
1399.00,小米（MI）Redmi,Note10,8GB+128GB,晴山蓝【移动用户专享优惠】
1699.00,Redmi,K40骁龙870,三星AMOLED,120Hz高刷直屏,4800万高清三摄相机,6GB+128GB,晴雪,游戏电竞智能5G,小米,红米
2399.00,小米Redmi红米K40,5G游戏手机,全网通【K40S店内可选】,幻境,12+256G【K40】,官方标配【享90天碎屏宝】
1899.00,小米11青春活力版,骁龙778G处理器,AMOLED柔性直屏,冰峰黑提,8GB+128GB,5G时尚手机
1259.00,小米,Redmi,红米Note9,Pro,5G手机,湖光秋色,8+128G,官方标配
1499.00,小米,红米Note11,5G,新品Redmi智能手机,8G+128G,神秘黑境,【官方标配】
2688.00,【现货速发】小米10S,5G新品手机,全网通,8G+128G,白色,官方标配【原装33W充电套装+晒单20红包】
2369.00,小米Redmi红米K40【K40S可选】5G游戏手机,全网通,12G+256G,幻境,官方标配【碎屏险+晒单有礼】
1299.00,Redmi,红米note11,5g智能游戏拍照手机天玑810,5000mAh大电池小米新品,神秘黑境,6GB+128GB
3399.00,小米12,骁龙8,Gen1,5G游戏手机,旗舰新品,8GB+128GB黑色,官方标配【咨询享90天碎屏险+晒单有礼】
796.00,小米*,Redmi,红米9A,游戏智能手机,砂石黑,4GB+128GB
2799.00,Redmi,K50,小米手机,天玑8100,2K柔性直屏,OIS光学防抖,5500mAh大电量,墨羽,12GB+256GB
2099.00,Redmi,Note,11E,Pro,5G,三星AMOLED120Hz高刷屏,1亿像素,67W快充,8GB+256GB,神秘黑镜,手机,小米,红米
1348.00,小米,红米Note9Pro,5G,一亿像素,120Hz刷新率,骁龙750G游戏智能NFC红外线遥手机,湖光秋色,5G版(8GB+256GB)
1499.00,小米,红米Note10pro,5G手机,新品,天玑1100,5000mAh大电池,幻青,8+128G,官方标配【享90天碎屏险】
999.00,小米,红米Note9,全网通4G,智能老人老年学生超长待机手机Redmi,Note,9,4G,烟波蓝,(6GB+128GB)
3599.00,Redmi,K50pro小米手机,天玑9000,AMOLED,2K柔性直屏,OIS光学防抖,银迹,12GB+256GB
585.00,小米红米9A,智能老人手机,晴空蓝,全网通4G,(4GB+64GB)
1079.00,小米,红米Note9,5G手机,云墨灰,8GB+128GB
2399.00,Redmi,K40S,小米手机,骁龙870,三星E4,AMOLED,120Hz直屏,OIS光学防抖,银迹,12GB+256GB
2799.00,Redmi,K50,天玑8100,2K柔性直屏,OIS光学防抖,67W快充,5500mAh大电量,墨羽,12GB+256GB,5G,移动用户专享
1668.00,Redmi,Note10,Pro,5G智能手机,天玑1100液冷游戏芯120Hz变速金刚红米小米,幻青,8GB+128GB
1069.00,Redmi,Note11,4G智能手机,品质小金刚,90Hz高刷屏5000mAh大电池红米小米,梦幻晴空,6G+128GB
2299.00,小米Redmi红米K40,游戏增强版,5G智能电竞手机,全网通,12G+256G,暗影,官方标配【碎屏险+晒单有礼】
1669.00,红米Note11pro,5G,小米高清拍照,轻薄智能游戏手机后置一亿像素,迷雾森林,6GB+128GB
1599.00,小米,Redmi,红米,Note11,Pro,游戏智能5G手机,6G+128G,迷雾森林,官方标配【晒单有礼】
928.00,小米,红米,Redmi,Note9,4G,手机,烟波蓝,6GB+128GB
1788.00,小米Redmi红米K40游戏增强版,5G游戏手机,光刃【8+128GB】,官方标配【90天碎屏险】
592.00,Redmi,9A,#,4G全网通,大屏幕大字体大音量,1300万AI相机,人脸解锁,4+64GB,晴空蓝,游戏智能手机,小米,红米
1269.00,小米,红米Note11,5G,新品Redmi智能手机,6G+128G,神秘黑境,官方标配【晒单有礼】
1199.00,小米（MI）Redmi,Note10,天玑700,6.5英寸FHD+高清屏,6GB+128GB,星云灰【移动用户专享优惠】
629.00,小米,Redmi,红米9A手机,老人老年学生备用智能手机,晴空蓝,4GB+64GB【极速版】
597.00,小米红米Redmi,9A,智能老年老人手机,5000mAh大电量,大屏幕大字体大音量八核处理器,晴空蓝,4GB+64GB
1349.00,小米,Redmi,红米Note10Pro,游戏智能5G手机,新品,星纱,6GB+128GB,官方标配
4499.00,小米11,ultra,5G,游戏手机,骁龙888,2K曲面屏,智能拍照手机,陶瓷工艺,陶瓷黑【67W充电器套装】,12GB+256GB
2399.00,红米K40手机,Redmi,K40,新品5G小米手机红米K40S可选,骁龙870,K40-幻境,12+256GB
969.00,小米,Redmi,红米Note10,5G,游戏智能5G手机【Pro店内可选】,月影银（现货）,4GB+128GB
2558.00,【12期免息】小米Redmi红米K40,pro【K50,pro】手机5G全网通,K40,Pro,8G+256G,墨羽,官方标配【碎屏险+晒单有礼】
1299.00,小米,红米note11,新品5G手机,神秘黑镜,6+128GB,全网通
1099.00,小米,红米note9,5G手机,流影紫,8GB+128GB全网通
1599.00,小米,红米note11pro,新品5G手机,迷雾森林,6+128GB全网通
1489.00,【现货速发】小米Redmi,红米Note10Pro天玑1100,全网通5G电竞游戏智能手机,幻青,【8GB+128GB】
1628.00,小米Redmi,红米K40,游戏增强版,5G电竞手机,暗影6GB+128GB,官方标配【晒单返20元红包】
4199.00,【12期免息】小米,红米K50,Pro,5G,Redmi新品手机,墨羽【官方标配】,12G+512G【碎屏险+晒单30红包】
1799.00,小米,红米Redmi,K40游戏增强版,天玑1200处理器,全网通5G手机,8G+128G,暗影,官方标配【咨询享90天碎屏险+晒单有礼】
2599.00,小米10,8GB+256GB,钛银黑,双模5G手机全网通,骁龙865,1亿像素8K电影相机,对称式立体声
1099.00,小米,红米,Redmi,Note10,5G,游戏智能5G手机,4G+128G月影银,套装一：官方标配
987.00,小米Redmi,红米Note9,4G手机,烟波蓝,8+128G全网通
2099.00,Redmi,Note,11,Pro+,5G智能手机120W充电1亿像素天玑920液冷游戏芯小米红米,迷雾森林,8GB+128GB
2798.00,【6期免息】小米,红米K50,5G,Redmi手机,墨羽【官方标配】,12G+256G【碎屏险+晒单30红包】
578.00,小米,红米Redmi,9A,#,4G全网通,大屏幕大字体大音量,4GB+64GB,砂石黑,新【电信用户专享优惠】
1049.00,小米,红米Note10,5G全网通手机,新品Redmi,6G+128GB,月影银,官方标配【咨询享90天碎屏险+晒单有礼】
1299.00,小米Redmi红米,Note,9,Pro超薄5G游戏手机一亿像素液冷120hz高刷学生老人机送爸妈,【静默星空8+128g】+90天碎屏险
989.00,小米Redmi,红米Note9,4G手机全网通,6G+128G,烟波蓝,官方标配
1869.00,小米11青春版,5G手机,骁龙780G,AMOLED柔性直屏,轻薄小巧,清甜荔枝,8GB+128GB
3999.00,【24期免息+直降1500】小米11,Ultra,至尊5G小米手机11至尊版十一12重礼骁龙888,8+256GB【陶瓷黑】,官方标配
1199.00,小米Redmi红米10x,pro,5G手机,天玑820,星露白,8+128G,全网通
2229.00,小米Redmi红米K40,游戏增强版5G电竞游戏手机,全网通12GB+256GB银翼,游戏增强版
1038.00,小米红米,Redmi,note9,5G手机,天玑800U,青山外,8GB+128GB全网通【官方标配】
589.00,Redmi红米9a,小米手机,大电池大音量老人机,砂石黑,4+64G全网通
1144.00,小米,红米Note10,5G,新品Redmi手机,6G+128G,月影银,定制套装1【NERV,ONL】防护壳+水凝摸两片装
1049.00,小米Redmi,红米Note9,5G手机,云墨灰,8+128G,官方标配【享90天品胜碎屏保障】
3999.00,小米12,骁龙8,Gen1,黄金手感,6.28英寸视感屏,-,黑色,8GB+256GB
1999.00,小米,Redmi,红米k40,【K40S店内可选】,5G手机,8G+128G,墨羽,官方标配
3269.00,【6期免息】小米12X,5G新品手机【现货速发】,蓝色【官方标配】,8G+256G【67W充电器套装+返50红包】
1078.00,小米Redmi,红米Note9,5G手机,天玑800U,4800万超清三摄,游戏智能手机,云墨灰,8GB+128GB
1249.00,小米,红米Note9,pro,5G新品Redmi手机,全网通,8G+128G,湖光秋色,官方标配【咨询享90天碎屏险+晒单有礼】
2399.00,Redmi,K40,小米Redmi,红米k40s可选,5G旗舰手机,12G+256G,墨羽,全网通
1898.00,小米Redmi,红米K30至尊纪念版,5G智能手机,月幕白,8GB+128GB
2999.00,小米12X,5G手机,骁龙870,黄金手感,6.28英寸视感屏,120Hz高刷,黑色【67W充电器套装】,8GB+128GB
1099.00,小米,红米Note11,4G,新品Redmi智能手机,6G+128G,梦幻晴空,【官方标配】
599.00,小米,红米9a,智能老年老人手机,砂石黑,全网通,4GB+64GB
599.00,小米,红米9a,智能老年老人手机,砂石黑,全网通,4GB+64GB
1988.00,【现货速发】小米,Redmi,红米K40,游戏增强版,5G智能电竞手机,12G+128G,暗影,官方标配【碎屏险+晒单有礼】
1069.00,小米,红米,Redmi,Note10,5G,游戏智能5G手机,新品Redmi手机,6G+128G月影银,官方标配
582.00,小米Redmi,红米9A,智能老人手机,砂石黑,4GB+64GB
595.00,Redmi,9A,#5000mAh大电量,1300万AI相机,八核处理器,手机红米小米,砂石黑,4GB+64GB
2798.00,小米,红米k50,新品5G手机,墨羽,12+256GB,全网通
2199.00,Redmi,K40S,骁龙870,三星E4,AMOLED,120Hz直屏,OIS光学防抖,67W快充,亮黑,8GB+256GB【移动用户专享】
1718.00,小米Redmi,红米K40游戏增强版,5G游戏手机,8GB+128GB,光刃,官方标配【晒单返10元红包】
3999.00,小米12新品5G智能手机,全新一代骁龙8,Gen1,黄金手感,5000万疾速影像,原野绿（素皮）,8GB+256GB
2699.00,【24期免息】小米10S,新品5G旗舰,小米手机12重礼,白色,8+256GB
1276.00,小米Redmi,红米Note9,Pro,5G手机,湖光秋色,8GB+256GB,官方标配
1898.00,小米Redmi红米k30,至尊纪念版,智能5G手机,天玑1000plus旗舰芯片,全网通,8G+128G,薄荷绿,官方标配
999.00,小米,红米note9,智能父母学生老人手机,烟波蓝,8GB+128GB全网通
1359.00,小米红米k30,5G手机,紫玉幻境,6+128G,全网通
3599.00,小米,红米k50pro,新品5G手机,墨羽,12+256GB,全网通
789.00,小米红米9A,智能老人手机,砂石黑,全网通(4GB+128GB)
699.01,小米Redmi红米,10A,新品手机,红米9A升级版,暗影黑,4+64G,官方标配
796.00,小米,Redmi,红米9A,游戏智能老人手机,砂石黑,4GB+128GB
796.00,小米,Redmi,红米9A,游戏智能老人手机,砂石黑,4GB+128GB
2099.00,小米,MI,Redmi,note11E,Pro,8GB+256GB,神秘黑境,5G,智能手机【移动用户专享优惠】
1599.00,小米,Redmi,红米,Note11,Pro,游戏智能5G手机,新品,6GB+128GB,神秘黑境,官方标配【碎屏险+晒单有礼】
3699.00,【现货速发】小米12,5G新品手机,骁龙8,Gen1,【店内K50可选】,黑色8G+128GB,官方标配【黑鲨散热+50晒单红包】
1299.00,小米,红米Note11,5G手机,Redmi新品note11,浅梦星河,6GB+128GB
2178.00,小米Redmi,红米K30S,至尊纪念版,双模5G手机,月光银,8G+256G,官网标配
2178.00,小米Redmi,红米K30S,至尊纪念版,双模5G手机,月光银,8G+256G,官网标配
1399.00,Redmi,Note,10,5G,天玑700,6.5英寸FHD+高清屏,18W快充,星云灰,8GB+128GB,智能手机,小米,红米【购机补贴版】
778.00,小米,红米Redmi,9A,5000mAh大电量,大屏幕大字体大音量,1300万AI相机,人脸解锁,砂石黑,4GB+128GB
1999.00,小米Redmi,红米K40,5G旗舰手机,幻境,8GB+128GB【晒单返20元红包】
796.00,小米*,Redmi,红米9A,游戏智能老人手机,晴空蓝,4GB+128GB
1069.00,小米Redmi,红米Note9,5G手机全网通,6G+128G,云墨灰,官方标配
1049.00,小米Redmi,红米Note9,5G手机,青山外,8GB+128GB【90天碎屏险】
599.00,小米Redmi,红米9A,全网通4G大屏幕大字体大音量智能老人老年手机,砂石黑,(4GB+64GB)
1338.00,小米Redmi,红米Note9pro,5G手机,一亿像素,骁龙750G,120Hz刷新,游戏智能手机,静默星空,8GB+256GB碎屏宝套装
1775.00,小米,Redmi游戏手机,红米K40游戏增强版,5G手机【晒单红包】,8G+128G,光刃,官方标配
1369.00,【现货速发】小米,红米Note10,pro,5G手机,全网通,6G+128G,幻青,官方标配
1339.00,小米Redmi,Note9,Pro,红米智能5G老人手机,湖光秋色,8GB+256GB
1775.00,小米,Redmi游戏手机,红米K40游戏增强版,5G手机【晒单红包】,8G+128G,光刃,官方标配
1369.00,【现货速发】小米,红米Note10,pro,5G手机,全网通,6G+128G,幻青,官方标配
1339.00,小米Redmi,Note9,Pro,红米智能5G老人手机,湖光秋色,8GB+256GB
1189.00,【12期免息】红米Note11新品5G小米学生手机Rendmi手机送爸妈,浅梦星河,6+128GB【壕礼12选1】
3899.00,小米11,Pro,5G,骁龙888,2K,AMOLED四曲面柔性屏,游戏手机,12G+256G,黑色,【67W充电套装】
1098.00,小米,Redmi,红米Note9,5G手机,云墨灰,全网通(8G+128G)
799.00,小米红米9A手机,老人老年学生备用智能手机,晴空蓝,全网通(4GB,128GB)
1288.00,小米,红米,Redmi,Note9Pro,5G手机,湖光秋色,全网通,8GB+256GB
979.00,小米,Redmi,红米Note9,4G手机,雾光青,全网通4G(6GB+128GB)
1139.00,Redmi,Note,9,5G,天玑800U,18W快充,4800万超清三摄,云墨灰,8GB+128GB,游戏智能手机,小米红米
1139.00,Redmi,Note,9,5G,天玑800U,18W快充,4800万超清三摄,云墨灰,8GB+128GB,游戏智能手机,小米红米
629.00,小米,Redmi红米9A手机,5000mAh大电量,大屏幕大字体大音量,砂石黑,4GB+64GB
3189.00,小米11,5G手机,骁龙888,5G智能手机,蓝色,套装版,12GB+256GB
5399.00,小米12,Pro,5G新品智能手机,全新骁龙8,Gen1,5000万超清三主摄,原野绿,12GB+256GB
1346.00,小米,Redmi,红米K30,王一博同款手机,紫玉幻境,5G版,全网通6G+128G
1499.00,Redmi,Note,11,5G智能手机天玑810,5000mAh大电池,立体声双扬声小米红米,8GB+128GB,神秘黑境J
1299.00,小米,红米,note9pro,5G手机,湖光秋色,8GB+256GB全网通
1299.00,小米,红米,note9pro,5G手机,湖光秋色,8GB+256GB全网通
2399.00,Redmi,K50,小米Redmi,天玑8100,2K柔性直屏,5500mAh大电量,8+128,银迹,【碎屏宝+晒单30红包】
2558.00,小米Redmi红米K40,Pro【K50,Pro店内可选】,5G手机,全网通,K40,Pro,8G+256G,墨羽,官方标配【碎屏险+晒单有礼】
1349.00,小米,Redmi,红米Note10,Pro,5G游戏智能手机,天玑1100,液冷游戏芯120Hz旗舰,幻青,6GB+128GB
1999.00,小米,Redmi,红米K40,全网通5G旗舰游戏手机,幻境,全网通,8GB+128GB,官方标配
1239.00,小米,红米Note9,5G手机,6G+256G云墨灰,官方标配
3899.00,Redmi,K50,电竞版5G游戏手机,骁龙8,双VC散热,OLED柔性直屏,暗影,12GB+256GB
928.00,小米Redmi,红米note9,4G手机,烟波蓝,6GB+128GB
1149.00,Redmi,Note,9,5G,天玑800U,5000mAh大电池18W快充,4800万超清三摄,8GB+128GB,流影紫
1049.00,小米,红米Note9,全网通4G智能老人老年手机,烟波蓝,全网通,8GB+128GB
1369.00,小米,红米Note10,Pro,5G手机,6G+128G,月魄,官方标配【碎屏险+晒单有礼】
1599.00,小米,Redmi,Note,11,5G,#天玑810,5000mAh大电池,立体声双扬声5G智能小米红米,神秘黑境,8GB+256GB
1139.00,Redmi,Note,9,5G游戏智能手机,天玑800U,18W快充,4800万超清三摄,8GB+128GB,青山外
1249.00,小米,MI,红米Redmi,Note,11全网通5G手机,神秘黑境6GB+128GB
999.00,小米,红米Note9,手机,8G+128G,雾光青,全网通4G
1249.00,小米,MI,红米Redmi,Note,11全网通5G手机,神秘黑境6GB+128GB
1199.00,小米,红米Note10,5G手机,Redmi新品,晴山蓝,6GB+128GB
2899.00,小米Civi,5G手机,3200万双柔光自拍120Hz曲面原色屏丝绒AG工艺,【55W充电器套装】,怦怦粉,12GB+256GB
1999.00,小米Redmi,K40S,红米5G智能手机,骁龙870处理器120Hz直屏,OIS光学防抖,67W快充,8GB+128GB,银迹
1299.00,Redmi,Note,10,5G,天玑700,6.5英寸FHD+高清屏,18W快充,星云灰,8GB+128GB,智能手机,小米,红米,移动用户专享
1339.00,小米*Redmi,红米Note9,Pro,5G手机,湖光秋色,8GB+256GB
4499.00,【24期免息】小米,MIX4,5G手机,小米mix4手机12重礼骁龙888+,12GB+512GB【影青灰】,官方标配
1288.00,小米Redmi,红米Note9pro,5G新品手机,静默星空,8GB+256GB
1038.00,小米红米,Redmi,note9,5G手机,云墨灰,8GB+128GB
4499.00,小米11,Ultra,至尊,5G,游戏手机,官方标配,全网通,陶瓷黑,12GB+256GB【67W充电套装】
3999.00,小米12,骁龙8,Gen1,6.28视感屏,120Hz高刷,小米手机,8+256G-原野绿（素皮）,官方标配
1349.00,小米,Redmi,红米Note9Pro,一亿像素,120Hz刷新率,5G手机,湖光秋色,8GB+256GB
1099.00,小米,Redmi,红米Note9,5G手机,云墨灰,8GB+128GB
1599.00,Redmi,Note,10,Pro,5G,天玑1100旗舰芯,67W快充,120Hz旗舰变速金刚屏,星纱,8GB+128GB,小米红米,移动用户专享
1099.00,小米,Redmi,红米Note9,5G手机,云墨灰,8GB+128GB
1599.00,Redmi,Note,10,Pro,5G,天玑1100旗舰芯,67W快充,120Hz旗舰变速金刚屏,星纱,8GB+128GB,小米红米,移动用户专享
2478.00,小米Redmi,红米K40,Pro\K40,Pro+,5G旗舰手机,墨羽,8GB+256GB
2999.00,Redmi,K50pro,天玑9000,AMOLED,OIS光学防抖,银迹,8GB+128GB,5G手机,小米红米【移动用户专享优惠】
949.00,小米,Redmi,红米Note10,系列,5G手机,晴山蓝【4+128G】,官方标配【90天碎屏险+晒单返10元红包】
1299.00,小米Redmi,红米Note9pro,5G手机120Hz刷新率,静默星空,8GB+256GB
1346.00,小米,Redmi,红米K30,5G版手机王一博同款,紫玉幻境,5G版,6GB+128GB
989.00,小米Redmi红米Note9,4G手机,6000mAh大电池,羽墨黑,6GB+128GB
1069.00,小米,红米Note11,4G,新品Redmi智能手机,神秘\境,6+128G【4G全网通】,官方标配【享90天碎屏险】
1069.00,小米,红米Note11,4G,新品Redmi智能手机,神秘\境,6+128G【4G全网通】,官方标配【享90天碎屏险】
1699.00,小米,红米Note10Pro,5G手机,Redmi新品note10,幻青,8GB+128GB
3099.00,小米,红米,Redmi,K40,Pro,旗舰骁龙888,杜比全景音,33W快充,8GB+256GB,墨羽,5G手机J
1129.00,小米*,Redmi,红米Note10,5G游戏手机,竹石青,6GB+128GB
1075.00,小米,Redmi,红米Note9,5G版\/note9,手机,【pro店内可选】,青山外,全网通5G(8GB+128GB)
1749.00,【现货速发】小米,Redmi,红米Note10,Pro,5G手机,月魄,(8GB+256GB),官方标配
2969.00,【现货速发】小米11,全网通,游戏智能,5G手机,蓝色,8GB+128GB,官方标配【55W充电套装+晒单返20红包】
2099.00,小米11青春版,5G手机,骁龙780G,全网通,8G+256G,清凉薄荷,官方标配【33W充电套装+晒单红包】
4369.00,小米12,5G,新品手机,骁龙8,Gen1,黄金手感,6.28,120Hz高刷,12GB+256GB,黑色,12期白条免息
2999.00,小米11,5G手机,蓝色,8+256G全网通,（55W原装充电套装）
999.00,小米Redmi红米Note10新品5G手机,天玑700,6.5英寸FHD+高清屏,竹石青,4+128G,【官方标配】
1299.00,Redmi,Note,11,5G智能手机,6GB,+128GB,浅梦星河,天玑810,33W,Pro快充,5000mAh大电池,小米,红米
1199.00,Redmi,Note,10,5G,天玑700,6.5英寸FHD+高清屏,18W快充,晴山蓝,6GB+128GB,智能手机,小米,红米J
1289.00,小米,Redmi,红米Note9,Pro,5G手机,碧海星辰,全网通(8G+256G)
1499.00,Redmi,Note10,Pro,游戏智能5G手机,小米,红米,5G全网通,6+128,月魄,官方标配
998.00,小米,红米,Redmi,Note9,4G,6000mAh大电池,骁龙662处理器,烟波蓝,8GB+128GB
2399.00,Redmi,K40,骁龙870,三星AMOLED,120Hz高刷直屏,4800万高清三摄,12GB+256GB,幻境,游戏电竞5G手机小米,红米
1199.00,小米,Redmi,红米,Note11,5G,游戏智能5G手机,新品,6GB+128GB,神秘黑境,官方标配【90天碎屏险】
2099.00,Redmi,K40游戏增强版,天玑1200旗舰处理器,67W闪充,120Hz高刷,12GB+128GB,暗影,电竞5G手机小米,红米
1379.00,小米Redmi,红米Note9Pro,全网通5G游戏手机,一亿像素,骁龙750G,支持NFC,湖光秋色,【8GB+256GB】
1379.00,小米Redmi,红米Note9Pro,全网通5G游戏手机,一亿像素,骁龙750G,支持NFC,湖光秋色,【8GB+256GB】
2099.00,Redmi,Note,11E,Pro,5G,三星AMOLED120Hz高刷屏,1亿像素,8GB+256GB,神秘黑镜,手机,小米,红米,移动用户专享
4399.00,小米12,骁龙8,Gen1,120Hz高刷,5000万超清主摄,67W快充,12GB+256GB,黑色,5G手机【移动用户专享优惠】
1289.00,小米,Redmi,红米Note9pro全网通5G手机,静默星空,全网通8GB+128GB
1499.00,Redmi,Note,11,5G,天玑810,33W,Pro快充,5000mAh大电池,8GB+,128GB,微醺薄荷,智能手机,小米,红米
6999.00,MIX,FOLD小米折叠屏手机,5G,2K+折叠屏,骁龙888,一亿像素,哈曼卡顿立体声四扬声器,12GB+256GB,黑色手机
1069.00,红米Note9,5G手机,小米手机redmi手机10红米note8升级版,云墨灰,8+128GB
2399.00,小米,红米Note11Pro,5G,新品Redmi,Note11,Pro+,店内可选,手机,神秘黑境,pro+（8GB+256GB）
1499.00,小米8,后指纹版,全面屏手机,黑色,6G+128GB
2799.00,小米Redmi,红米k50,5G智能手机,银迹,12G+256G【官方标配】
1289.00,小米,Redmi,红米Note9pro全网通5G手机,静默星空,全网通8GB+128GB
1099.00,小米,Redmi,红米Note10,5G游戏手机天玑700,6.5英寸FHD+高清屏,月影银,6GB+128GB【90天碎屏险套装】
999.00,【现货速发】小米,红米Note10,5G新品手机【Pro店内可选】,全网通,4G+128G,星云灰,官方标配
2399.00,Redmi,K50,天玑8100,2K柔性直屏,OIS光学防抖,5500mAh大电量,银迹,8GB+128GB,5G智能手机,移动客户专享
1089.00,小米,红米Redmi,Note9,4g\\\/,note10,5g手机,note9羽墨黑(8GB+128GB)4G
1349.00,小米,Redmi,红米Note10,Pro,5G手机,【6GB+128GB】月魄,官方标配【90天碎屏险+晒单有礼】
1299.00,当天发货小米,红米,Redmi,10x,5G手机,凝夜紫,全网通5G,(8+128GB)
1569.00,小米,红米Note10pro,5G手机,全网通8GB+128GB月魄,官方标配【90天碎屏险】
1349.00,小米,Redmi,红米Note10,Pro,5G手机,【6GB+128GB】月魄,官方标配【90天碎屏险+晒单有礼】
1299.00,当天发货小米,红米,Redmi,10x,5G手机,凝夜紫,全网通5G,(8+128GB)
1569.00,小米,红米Note10pro,5G手机,全网通8GB+128GB月魄,官方标配【90天碎屏险】
4199.00,小米*MI,小米12全网通5G手机12GB+256GB,紫色
3599.00,小米,Redmi,K50,Pro,红米K50Pro,新品5G手机,小米游戏手机大金刚,墨羽,12+256GB,官方标配+壕礼12选1
5999.00,【现货速发】小米MIX,FOLD,小米折叠屏手机,5G,2K+折叠屏,12GB+256GB,黑色游戏手机
2399.00,小米*,redmi红米K40全网通,5G手机,幻境,12GB+256GB
3599.00,小米,Redmi,K50,Pro,红米K50Pro,新品5G手机,小米游戏手机大金刚,墨羽,12+256GB,官方标配+壕礼12选1
5999.00,【现货速发】小米MIX,FOLD,小米折叠屏手机,5G,2K+折叠屏,12GB+256GB,黑色游戏手机
2399.00,小米*,redmi红米K40全网通,5G手机,幻境,12GB+256GB
1269.00,小米,红米Note10,5G手机,8G+128G晴山蓝,全网通【晒单有礼】
998.00,小米Redmi,红米Note9,4G手机,烟波蓝,8GB+128GB
399.00,小米多亲QIN,1S+,全网通4G老人机按键大屏微信聊天老人手机小爱同学生老年手机保密无摄像头老年机,移动联通电信4G版(支持5G卡通话),铁灰色
2679.00,小米*Redmi,K50,智能红米5G手机,天玑8100,2K柔性直屏,67W快充,5500mAh大电量,8GB+256GB,墨羽
1769.00,Redmi,Note,11E,Pro,5G,三星AMOLED120Hz高刷屏,1亿像素,67W快充,8GB+128GB,时光独白,手机,小米,红米
4099.00,【现货速发】小米11Pro,【小米12pro店内可选】5G,新品游戏手机,黑色,12G+256GB【67W原装充电套装】
6599.00,小米MIX,FOLD,小米折叠屏手机5G,2K+折叠屏,骁龙888游戏手机,黑色【12GB+256GB】,官方标配【晒单红包返20】
1318.00,小米Redmi,红米10X,5G手机,星露白,8G+256G
649.00,小米Redmi,红米10A,智能手机,暗影黑,4GB+64GB
1318.00,小米Redmi,红米10X,5G手机,星露白,8G+256G
649.00,小米Redmi,红米10A,智能手机,暗影黑,4GB+64GB
1469.00,红米note9pro,小米手机5G,一亿像素120Hz高刷,湖光秋色,全网通8+128G
1199.00,红米Note11,小米新品5G智能手机,6GB+128GB神秘黑境,官方标配
2499.00,小米,Civi,5G手机,8G+256GB,蓝色
2499.00,小米,Civi,5G手机,8G+256GB,蓝色
3999.00,小米12,5G手机,骁龙8,Gen1,原野绿（素皮）8GB+256GB,分期套餐【12期免息0首付】
2199.00,Redmi,Note,11,Pro,浅梦星河,8GB+256GB【赠中国联通腾讯大王卡】
1999.00,小米Redmi红米k40,小米手机5G,晴雪,8+128G
2199.00,小米Redmi红米K40,5G游戏手机,亮黑,12+256GB
1199.00,Redmi,Note10,5G,天玑700,6.5英寸FHD+高清屏,18W游戏智能手机小米红米,竹石青,6GB+128GB
619.00,小米,红米9A,Redmi备用智能老人手机,砂石黑,4GB+64GB
3619.00,【12期免息】小米,红米K50,Pro,5G,Redmi,新品旗舰手机,墨羽（官方标配）,12G+256GB
8999.00,MIX,FOLD,小米折叠屏手机,5G,2K+折叠屏,骁龙888,一亿像素,哈曼卡顿立体声四扬声器,12GB+512GB,黑色手机
2099.00,小米11青春版,5G轻薄手机,骁龙780G,8GB+256GB,冰峰黑提,官方标配【33w充电套装+晒单有礼】
1499.00,Redmi,Note,11,5G智能手机天玑810,5000mAh大电池,立体声双扬声小米红米新品,神秘黑境,8GB+128GB
6488.00,【现货速发】小米MIX,Fold,5G折叠屏手机全网通,12G+256G,黑色,官方标配【晒单有礼】
699.00,酷比X60,PRO八核新款全网通4G智能手机,超长待机安卓学生,老年机老人手机,小米华为荣耀通用接口,深海蓝（8G+128G）,128G
699.00,K-TOUCH,天语,i13Pro小屏幕手机,全网通4G可用5G卡,小米VIVO充电接口小手机,碧玉青（6+64GB）
1299.00,Redmi,红米Note9,5G,天玑800U,4800万超清三摄,游戏智能红米手机小米官方,青山外,8GB+128GB
1799.00,【12期免息】红米Note11Pro,小米新品5G学生手机Rendmi手机送爸妈,Note11Pro,浅梦星河,8+128GB【壕礼12选1】
2899.00,【选12期免息】Redmi,K50手机,小米新品5G手机,红米50手机电竞版,K40升级版,墨羽,12+256GB,购机减压套餐【白条12期免息+壕礼12选1】
1699.00,Redmi,Note,11,5G,天玑810,33W,Pro快充,5000mAh大电池,8GB+,256GB,微醺薄荷,智能手机,小米,红米
1999.00,小米Redmi,红米Note11,Pro,5G手机,迷雾森林,8GB+256GB
2899.00,小米10S,骁龙870,哈曼卡顿对称式双扬立体声,8GB+256GB,白色,旗舰手机
4999.00,小米12,Pro,骁龙8,Gen1,5000万超清三主摄,120W小米澎湃秒充,8GB+256GB,紫色,5G手机【移动用户专享优惠】
4499.00,小米,红米K50电竞手机5G,Redmi智能电竞游戏手机,12GB+256GB,AMG,F1,冠军版,官方标配
3599.00,小米11（5G）骁龙888【12期分期可选】1亿像素游戏手机,烟紫（素皮）,全网通12GB+256GB（含小米55W线充套装）
2599.00,【6期免息】小米Redmi,红米K50,5G新品手机,墨羽【官方标配】,8G+256GB
1699.00,Redmi,Note10,Pro,5G智能手机,天玑1100液冷游戏芯120Hz变速金刚红米小米,星纱,8GB+128GB
2578.00,小米,Redmi,红米K40pro,5G游戏手机,墨羽,8GB+256GB【官方标配】
1699.00,Redmi,Note,9,Pro,5G,一亿像素,骁龙750G,120Hz刷新率游戏智能手机红米小米,碧海星辰,8GB+256GB
3328.00,小米11,5G旗舰,新品游戏手机,黑色,8G+256G,【12期免息】
2578.00,小米,Redmi,红米K40pro,5G游戏手机,墨羽,8GB+256GB【官方标配】
1699.00,Redmi,Note,9,Pro,5G,一亿像素,骁龙750G,120Hz刷新率游戏智能手机红米小米,碧海星辰,8GB+256GB
2099.00,Redmi,K40游戏增强版,天玑1200旗舰处理器,67W闪充,120Hz高刷,12GB+128GB,暗影,电竞5G手机,小米,红米
1999.00,小米,Redmi,红米,Note11,Pro+,游戏智能5G手机,8G+128G,时光静紫,【官方标配】
1999.00,小米,Redmi,红米,Note11,Pro+,游戏智能5G手机,8G+128G,时光静紫,【官方标配】
699.00,酷比M20,新款刘海屏全网通4G智能手机,学生便宜安卓可用5G卡,正品老人老年机小米华为荣耀通用接口,太空黑（8G+128G）,128G
1029.00,小米,Redmi红米,Note11,新品,4G全网通手机,6G+128G,时光独白,官方标配【咨询享90天碎屏险+晒单有礼】
2969.00,小米11,5G游戏手机,全网通,烟紫（素皮）8GB+128GB,【原装55W充电器套装+晒单红包】
3599.00,小米12X,骁龙870,6.28英寸视感屏,120Hz高刷,5000万超清主摄,67W快充,12GB+256GB,紫色,5G手机
3899.00,小米,MIX4,《可选12期免息》骁龙888+,陶瓷机身,后置,1,亿像素三摄,陶瓷黑,12GB+256GB【晒单返20】
3399.00,小米11,5G,骁龙888,2K,AMOLED四曲面柔性屏,1亿像素,8GB+256GB,黑色,手机
2299.00,小米11青春版,骁龙780G处理器,AMOLED柔性直屏,游戏手机,8G+256G,清凉薄荷,全网通版
899.00,小米Redmi,红米Note9,4G手机,全网通,6+128,烟波蓝,官方标配【咨询享90天碎屏险+晒单有礼】
1799.00,京品手机Redmi,K40游戏增强版,天玑1200处理器67W闪充,120Hz高刷直屏,8GB+256GB,暗影,电竞智能5G手机,小米,红米
2599.00,小米11,5G游戏手机,骁龙888处理器,全网通,8GB+128GB蓝色,官方标配【55W原装充电器套装】
2999.00,小米12X,骁龙870,6.28英寸视感屏,120Hz高刷,5000万超清主摄,67W快充,8GB+128GB,黑色,5G手机
1649.00,小米,红米Note11,5G新品手机,浅梦星河,8GB+256GB
999.00,小米Redmi红米Note9,4G手机,骁龙662处理器,6000mAh大电池,千元机,烟波蓝,全网通(6GB+128GB)
2299.00,小米,Civi,5G手机,【12期免息可选】,蓝色,8+128G,55w充电器套装,官方标配
1199.00,Redmi,红米Note10,小米手机5G新品,星云灰,6+128G
1799.00,Redmi,K40,骁龙870,三星AMOLED,120Hz高刷直屏,4800万高清三摄,8GB+128GB,亮黑,游戏电竞5G手机,小米,红米
589.00,【当天发货】小米,红米9A,Redmi,9A,5000mAh大电量,智能老人手机大音量,4G+64G,晴空蓝,官方标配【咨询享90天碎屏险+晒单有礼】
2399.00,小米10S,骁龙870,哈曼卡顿对称式双扬立体声,8GB+128GB,白色,旗舰手机
1499.00,小米（MI）Redmi,Note10,Pro,6GB+128GB星纱【移动用户专享优惠】
4499.00,小米,红米k50电竞版,新品5G手机,AMG,F1,冠军版,12+256GB,全网通
1869.00,小米11青春活力版5G手机新品,骁龙778G处理器,(33W充电器套装）,樱花蜜粉,8GB+128GB
3799.00,小米11pro,5G手机,12GB+256GB黑,官方标配【小米67W充电套装+90天碎屏险】
699.00,Redmi10A,Redmi小米,红米10a,新品手机,4+64,暗影黑,官方标配
938.00,小米Redmi,红米Note11,4G手机,神秘黑境,4GB+128GB
659.00,小米多亲（QIN）F21,Pro+防沉迷学生手机,小爱同学4G全网通戒网瘾,智能触屏按键机双版本可选,铁灰色,3GB+32GB
2199.00,小米11青春版,（白条0首付6期可选）手机,清甜荔枝,8GB+256GB顺丰速发
2468.00,【全新原封】小米10,至尊纪念版,5G游戏手机,小米10,冰海蓝,8GB+256GB
1899.00,小米11青春版,5G手机,骁龙780G处理器,5G游戏手机,8GB+128GB,冰峰黑提,官方标配【33W充电套装】
3599.00,小米11,5G手机,黑色,12+256G全网通（极速专享无赠品）
588.00,酷比koobee,X6M,迷你mini超薄小手机,袖珍便携小屏智能手机,可用5G卡小米同用接口手机,天空之境【64GB】
1079.00,小米,红米Note9,5G版,游戏智能学生老人老年备用红外遥手机Redmi,青山外,5G版(8GB+128GB)
1899.00,Redmi,Note,11E,Pro,5G,120Hz高刷屏,1亿像素,67W快充,8GB+128GB,神秘黑镜,手机,小米,红米
2149.00,【12期免息】红米Note11Pro+小米新品5G学生手机redmi送爸妈,迷雾森林,8+256GB【壕礼12选1】
4499.00,【至高24期免息】小米（MI）小米11,Ultra,至尊5G手机,陶瓷黑,12GB+256GB,官方标配
1069.00,小米,红米Note,11,4G,高刷屏90Hz,5000万三摄,老人老年智能手机,神秘黑镜,(6GB+128GB)
699.00,酷比X60,Pro,八核256G智能手机,全网通4G可用5G卡双卡双待,小米vivo通用接口手机老年,深海蓝【8+128GB】
999.00,Redmi,Note,9,4G,6000mAh大电池,骁龙662处理器,18W快充,烟波蓝,6GB+128GB,智能手机,小米,红米
2938.00,【全新原封】小米10,Pro,5G,游戏手机,【小米10Pro】星空蓝,8GB+256GB
4499.00,【现货当天发】小米11,Ultra,至尊,5G手机,全网通,12G+256G,陶瓷白,官方标配【原装67W充电套装+晒单红包】
2149.00,【12期免息】红米Note11Pro+小米新品5G学生手机redmi送爸妈,迷雾森林,8+256GB【壕礼12选1】
4499.00,【至高24期免息】小米（MI）小米11,Ultra,至尊5G手机,陶瓷黑,12GB+256GB,官方标配
1069.00,小米,红米Note,11,4G,高刷屏90Hz,5000万三摄,老人老年智能手机,神秘黑镜,(6GB+128GB)
699.00,酷比X60,Pro,八核256G智能手机,全网通4G可用5G卡双卡双待,小米vivo通用接口手机老年,深海蓝【8+128GB】
999.00,Redmi,Note,9,4G,6000mAh大电池,骁龙662处理器,18W快充,烟波蓝,6GB+128GB,智能手机,小米,红米
2938.00,【全新原封】小米10,Pro,5G,游戏手机,【小米10Pro】星空蓝,8GB+256GB
4499.00,【现货当天发】小米11,Ultra,至尊,5G手机,全网通,12G+256G,陶瓷白,官方标配【原装67W充电套装+晒单红包】
399.00,小米多亲QIN,1S+,全网通4G老人机按键大屏老年机大声老人手机小爱同学生老年手机无摄像头保密手机,移动联通电信4G版(支持5G卡通话),铁灰色
1999.00,小米11青春版,5G时尚游戏手机,清凉薄荷,8GB+256GB
1099.00,小米Redmi,红米Note11,4G手机,梦幻晴空,6GB+128GB
2199.00,小米,红米note11pro+,新品5G手机,神秘黑境,8+256GB,全网通
1069.00,【低至939起】红米Note10,5G手机新品Redmi小米手机红米note10pro手机,Note10,月影银,6G+128G,官方标配
4699.00,小米12pro,新品5G手机,紫色,8+128G全网通
969.00,小米,红米Note11,4G,新品Redmi智能手机,4GB+128GB,梦幻晴空,官方标配【搭配90天品胜碎屏保障】
729.00,天语P60,Pro,智能手机,幻彩玻璃机身,6.5英寸全面屏游戏4G全网通电信双卡双待小米手机用接口,樱花粉(128GB)
369.00,小米多亲F21S手机,功能机备用机,学生手机老人手机,4G全网通,超长待机,双卡直板按键无摄像头,铁灰色【支持小爱同学】,官方标配
399.00,小米多亲QIN,1S+,全网通4G老人机按键大屏老年机大声老人手机小爱同学生老年手机无摄像头保密手机,移动联通电信4G版(支持5G卡通话),铁灰色
369.00,小米多亲F21S手机,功能机备用机,学生手机老人手机,4G全网通,超长待机,双卡直板按键无摄像头,铁灰色【支持小爱同学】,官方标配
399.00,小米多亲QIN,1S+,全网通4G老人机按键大屏老年机大声老人手机小爱同学生老年手机无摄像头保密手机,移动联通电信4G版(支持5G卡通话),铁灰色
1999.00,小米11青春版,5G时尚游戏手机,清凉薄荷,8GB+256GB
1099.00,小米Redmi,红米Note11,4G手机,梦幻晴空,6GB+128GB
2199.00,小米,红米note11pro+,新品5G手机,神秘黑境,8+256GB,全网通
1069.00,【低至939起】红米Note10,5G手机新品Redmi小米手机红米note10pro手机,Note10,月影银,6G+128G,官方标配
4699.00,小米12pro,新品5G手机,紫色,8+128G全网通
969.00,小米,红米Note11,4G,新品Redmi智能手机,4GB+128GB,梦幻晴空,官方标配【搭配90天品胜碎屏保障】
729.00,天语P60,Pro,智能手机,幻彩玻璃机身,6.5英寸全面屏游戏4G全网通电信双卡双待小米手机用接口,樱花粉(128GB)
1468.00,小米Redmi,红米Note10,Pro,5G手机,月魄,8GB+128GB
1999.00,小米11青春版,5G手机,樱花蜜粉,8GB+256GB
2199.00,Redmi,K40S,小米Redmi,红米k40s,5G手机,新品手机,8+256,银迹,官方标配
2689.00,小米,Redmi红米K40Pro,5G手机,骁龙888,120Hz高刷直屏,墨羽,8G+256GB
2545.00,小米CIVI,5G手机,轻轻蓝,12GB+256GB,官方标配【晒图有礼】
659.00,纽曼M40Pro超薄水滴屏智能手机全网通4G安卓学生价游戏便宜老人老年机超长待机大字大屏华为小米接口,炫酷黑,6G,128G
1099.00,小米Redmi,红米10X,4G全网通手机,天际蓝,6G+128G
1149.00,小米,Redmi,红米Note11,5G全网通手机,6GB+128GB浅梦星河,官方标配【咨询享90天碎屏险+晒单有礼】
2599.00,小米Civi,5G新品手机,3200万双柔光自拍120Hz曲面原色屏,4500mAh大电量,8GB+256GB蓝色【55W充电器套装】,官方标配
2599.00,小米Civi,5G新品手机,3200万双柔光自拍120Hz曲面原色屏,4500mAh大电量,8GB+256GB蓝色【55W充电器套装】,官方标配
1199.00,金立M30高端商务轻奢智能手机一万毫安大电池超长待机男士学生安卓三防老人老年机小米华为荣耀通用接口,睿智黑【128GB】
2399.01,小米Redmi红米K50,新品5G智能手机,天玑8100,2K柔性直屏,OIS光学防抖,墨羽,8+128G,官方标配【90天碎屏保障+30元晒单红包】
1099.00,小米红米Redmi,Note,10,5G,天玑700,6.5英寸FHD+高清屏,月影银,4GB+128GB
898.00,小米Redmi,红米10A,智能学生老人手机,暗影黑,6GB+128GB
898.00,小米Redmi,红米10A,智能学生老人手机,暗影黑,6GB+128GB
899.00,Redmi,Note,9,4G,6000mAh大电池,骁龙662处理器,18W快充,羽墨黑,4GB+128GB,智能手机,小米,红米
1599.00,Redmi,红米note11pro,5G手机,三星AMOLED高刷屏,1亿像素,67W充电,小米,6GB+128GB神秘黑境,标配【搭赠季度碎屏险】
1099.00,小米,Redmi,红米Note10,5G,游戏智能5G手机,星云灰,6GB+128GB
399.00,小米多亲Qin,1s+,多亲ai手机小爱同学备用机功能机学生机,老人老年机全网通4g版,铁灰色,标配
3649.00,小米11Pro,游戏5G手机,小米手机,智能骁龙888至尊十一pro12重礼,紫色,12+256GB【咨询领卷+67W】
3599.00,【12期免息】小米,红米K50,Pro,5G新品手机,12GB+256GB墨羽,全网通【碎屏险+晒单30元红包】
2199.00,小米,Redmi,红米K40,游戏电竞智能5G手机【Pro店内可选】,亮黑,8GB+256GB
1349.00,小米红米Redmi,Note9pro手机,5G手机,湖光秋色,全网通(8GB,256GB)
3649.00,小米11Pro,游戏5G手机,小米手机,智能骁龙888至尊十一pro12重礼,紫色,12+256GB【咨询领卷+67W】
639.00,小米多亲F21Pro+,全网通4G智能学生手机抖音微信触屏按键老人手机小爱同学老年手机老年机戒网瘾,移动联通电信4G版(支持5G卡通话),3G+32G瓷白色
969.00,小米Redmi,红米Note9,4G手机全网通,烟波蓝,6GB+128GB【90天碎屏险】
1269.00,【现货速发】小米,Redmi,红米Note11,5G智能手机,6GB+128GB,神秘黑境,官方标配
789.00,金立GIONEE,G99,128G全网通4G可用5G卡智能手机,小米VIVO接口双卡双待学生老人手机,幻夜黑【128GB】
699.00,Redmi,10A,新品手机红米10A,老人学生备用机,蓝色,4GB+64GB
1059.00,小米,Redmi红米Note10,5G手机【11重好礼】,晴山蓝,6GB+128GB
899.00,Redmi,Note,9,4G,6000mAh大电池,骁龙662处理器,18W快充,烟波蓝,4GB+128GB,智能手机,小米,红米
3999.00,小米12,新品5G手机,旗舰游戏手机xiaomi12小米11升级版,原野绿(素皮),8+256GB
999.00,Redmi,Note,9,4G,6000mAh大电池,骁龙662处理器,18W快充,雾光青,6GB+128GB,智能手机,小米,红米
1738.00,小米11青春版,5G手机,樱花蜜粉,8GB+128GB【原装33W充电器套装】
999.00,Redmi,Note,9,4G,6000mAh大电池,骁龙662处理器,18W快充,曙光橙,6GB+128GB,智能手机,小米,红米
2548.00,小米,Redmi,红米K40Pro,旗舰,5G手机【红米K40PRO+可选】,红米K40Pro,墨羽,全网通(8G+256G)
5988.00,小米MIX,Fold折叠屏,小米手机5G,mixfold虎年特别纪念版可选,黑色【12+256GB】,官方标配
1999.00,【6期免息】小米Redmi红米K40S,5G新品手机,亮黑【官方标配】,8G+128G【碎屏险+晒单30红包】
639.00,小米多亲F21Pro+,全网通4G智能按键手机小爱同学生手机微信触屏老年机大声音语音王老人手机,32G移动联通电信4G版(支持5G卡通话),铁灰色
2799.00,【6期免息|现货速发】小米Redmi,红米K50,5G新品手机,银迹,12G+256G,官方标配【碎屏险+晒单好礼】
3999.00,小米12,新品5G手机,24期免息xiaomi12小米手机11升级版,紫色,8+256GB,官方标配
684.00,酷比,X60Pro,八核8+128G智能手机,全网通4G双卡双待可用5G卡,小米VIVO接口手机,深海蓝【8+128GB】
799.00,小米,红米Note7全网通4G版智能手机,镜花水月,6+64GB
6988.00,小米(MI),小米MIX,Fold,折叠屏5G手机,黑色,12GB+512GB,标配
5699.00,小米11,Ultra,至尊版,5G游戏手机,陶瓷白8GB+256GB,运动套装【官方标配+小米手Huan6】
3599.00,【12期免息】小米,红米K50,Pro天玑9000,5G,Redmi新品手机,墨羽,12G+256GB
3099.00,【现货速发】小米10S,【小米12店内可选】,5G新品手机,黑色,12+256G【33W原装充电套装+30晒单红包】
2039.00,小米11青春版【活力版店内可选】,5G手机,冰峰黑提,8G+256GB【33W充电套装+20元晒单红包】
578.00,小米红米9A,智能老人手机,晴空蓝,全网通4G+64G
2999.00,小米12X,5G手机,黑色8GB+128GB,原装67W充电器套装+晒单红包
2899.00,小米10S,5G手机,骁龙870,哈曼卡顿对称式双扬立体声,白色,8+256G,白条12期免息
684.00,酷比,X60Pro,八核8+128G智能手机,全网通4G双卡双待可用5G卡,小米VIVO接口手机,深海蓝【8+128GB】
799.00,小米,红米Note7全网通4G版智能手机,镜花水月,6+64GB
6988.00,小米(MI),小米MIX,Fold,折叠屏5G手机,黑色,12GB+512GB,标配
5399.00,小米12,Pro,新品5G手机,xiaomi小米12Pro手机,5000万三主摄,骁龙8Gen1,黑色,12+256GB,官方标配
679.00,酷派COOL20,4800万像素128G八核智能手机可用5G卡,水滴全面屏游戏学生商务机小米接口手机,伯爵黑【4+64G】
2399.00,小米红米K50天玑8100,5G,Redmi新品手机,墨羽,8GB+128GB
1499.00,小米,红米Note,10,Pro,5G,智能液冷游戏芯支持NFC手机,幻青,5G版(8GB+128GB)
3299.00,小米,红米K50电竞版5G,Redmi新品手机,暗影【官方标配】,8G+128G【碎屏险+晒单30红包】
1098.00,小米,红米note10,5G手机,月影银,6+128GB,全网通
1509.00,小米,红米Note10Pro,手机,全网通5G版,双卡双待,月魄,8GB+128GB
799.00,小米多亲Qin,2,pro手机,4G全网通智能机全面屏小爱同学轻薄迷你,学生学习机,触屏老人机备用机,铁灰色,64G版
779.00,小米多亲f21pro+,防沉迷学生手机小爱同学全网通4G智能按键手机触屏按键老人手机微信抖音百亿补贴,移动联通电信4G版,4G+64G,瓷白色
1098.00,小米,红米note10,5G手机,月影银,6+128GB,全网通
1509.00,小米,红米Note10Pro,手机,全网通5G版,双卡双待,月魄,8GB+128GB
799.00,小米多亲Qin,2,pro手机,4G全网通智能机全面屏小爱同学轻薄迷你,学生学习机,触屏老人机备用机,铁灰色,64G版
779.00,小米多亲f21pro+,防沉迷学生手机小爱同学全网通4G智能按键手机触屏按键老人手机微信抖音百亿补贴,移动联通电信4G版,4G+64G,瓷白色
1559.00,小米,Redmi,红米Note10,Pro,5G,游戏智能5G手机,星纱,8GB+128GB
1499.00,Redmi,Note,11,5G,天玑810,5000mAh大电池,立体声双扬声器,8GB+,128GB,微醺薄荷,智能手机,小米,红米
2049.00,小米Redmi,红米K40S,新品5G手机,K40升级版,幽芒,8+128G,白条6期免息套装
1198.00,小米,红米Note11,5G手机,天玑810,5000mAh大电池,神秘黑境,6GB+128GB碎屏险套装
639.00,小米多亲F21,Pro,全网通4G老人智能手机微信拍照老人机触屏按键老年手机小爱同学生手机,移动联通电信版(支持5G卡通话),铁灰色百亿补贴版
1345.00,小米,红米Note9Pro,手机,全网通5G版,双卡双待,静默星空,8GB+256GB
499.00,小米多亲,(Qin)1s多亲ai手机小爱同学直板半智能按键老人机4g老年手机初中生热点功能学生备用机,1s+铁灰色升级版【4G全网通】,标配+128G存储卡
5499.00,小米,MIX4,5G智能手机,全网通,陶瓷黑【官方标配】,12G+512G【晒单红包20元】
1158.00,小米红米Note,10,5G,天玑700,6.5英寸FHD+高清屏,18W,晴山蓝,6GB+128GB
1099.00,小米,红米note11,手机,全网通4G版,双卡双待,5000毫安大电池,梦幻晴空,6GB+128GB
699.00,小米多亲,Qin,2,Pro,学生手机,5英寸全面屏,全网通4G安卓智能手机备用机触屏老人手机32G,铁灰色,官方标配
3668.00,【现货速发】小米11,Pro,5G手机,全网通,8G+256G,黑色,官方标配
3599.00,小米Redmi,红米k50pro,新品5G智能手机,墨羽,12G+256G【官方标配】
1099.00,Redmi,Note,11,4G,全网通手机,梦幻晴空,4+128GB
2099.00,Redmi,K40S,红米智能新品游戏手机,小米,亮黑,搭配Air2,SE耳机套装,8GB+128GB
2599.00,【当天发货】小米Civi,5G游戏拍照手机,8GB+256GB闪闪黑,全网通
3399.00,小米11,Pro,5G,手机,骁龙888,2K,四曲面柔性屏,67W无线闪充,游戏手机,【8+256G】黑色,【67W充电套装】
4899.00,小米12,Pro,5G新品,黑色（细闪）,12GB+256GB
1999.00,【6期免息】小米,Redmi,红米K40S,5G新品手机,幻境,（官方标配）,8GB+128GB
5499.00,小米,MIX4,5G智能手机,全网通,陶瓷黑【官方标配】,12G+512G【晒单红包20元】
1158.00,小米红米Note,10,5G,天玑700,6.5英寸FHD+高清屏,18W,晴山蓝,6GB+128GB
1099.00,小米,红米note11,手机,全网通4G版,双卡双待,5000毫安大电池,梦幻晴空,6GB+128GB
699.00,小米多亲,Qin,2,Pro,学生手机,5英寸全面屏,全网通4G安卓智能手机备用机触屏老人手机32G,铁灰色,官方标配
1198.00,小米,红米Note11,5G手机,天玑810,5000mAh大电池,神秘黑境,6GB+128GB碎屏险套装
639.00,小米多亲F21,Pro,全网通4G老人智能手机微信拍照老人机触屏按键老年手机小爱同学生手机,移动联通电信版(支持5G卡通话),铁灰色百亿补贴版
1345.00,小米,红米Note9Pro,手机,全网通5G版,双卡双待,静默星空,8GB+256GB
499.00,小米多亲,(Qin)1s多亲ai手机小爱同学直板半智能按键老人机4g老年手机初中生热点功能学生备用机,1s+铁灰色升级版【4G全网通】,标配+128G存储卡
3668.00,【现货速发】小米11,Pro,5G手机,全网通,8G+256G,黑色,官方标配
3599.00,小米Redmi,红米k50pro,新品5G智能手机,墨羽,12G+256G【官方标配】
1099.00,Redmi,Note,11,4G,全网通手机,梦幻晴空,4+128GB
2099.00,Redmi,K40S,红米智能新品游戏手机,小米,亮黑,搭配Air2,SE耳机套装,8GB+128GB
2599.00,【当天发货】小米Civi,5G游戏拍照手机,8GB+256GB闪闪黑,全网通
2099.00,Redmi,K40S,红米智能新品游戏手机,小米,亮黑,搭配Air2,SE耳机套装,8GB+128GB
3399.00,小米11,Pro,5G,手机,骁龙888,2K,四曲面柔性屏,67W无线闪充,游戏手机,【8+256G】黑色,【67W充电套装】
2599.00,【当天发货】小米Civi,5G游戏拍照手机,8GB+256GB闪闪黑,全网通
4899.00,小米12,Pro,5G新品,黑色（细闪）,12GB+256GB
1999.00,【6期免息】小米,Redmi,红米K40S,5G新品手机,幻境,（官方标配）,8GB+128GB
4999.00,小米12Pro,8GB+256GB,紫色【赠中国联通腾讯大王卡】
2599.00,小米,Civi,5G手机,civi,新品手机,8+256,闪闪黑,官方标配
699.00,红米10A,Redmi新品智能老人手机,小米（红米9A店内可选）,烟波蓝,4GB+64GB
2499.00,小米红米,Note,9,4G,6000mAh大电池防爆智能手机,化工厂矿用本安型固特讯拜特尔防爆手机,防爆定制升级版（带证书）,4GB+128GB
1099.00,小米红米Redmi,Note,9,4G,6000mAh大电池,骁龙662处理器,游戏智能手机,雾光青,6GB+128GB
1058.00,小米,红米Redmi,Note,10,5G手机,月影银,6GB+128GB
5369.00,【现货速发】小米12,Pro,5G新品手机,骁龙8,Gen1,黑色【官方标配】,12G+256G【晒单返50红包】
969.00,小米Redmi红米Note11,4G新品手机,神秘黑境4GB+128GB,官方标配
1699.00,小米11青春版,5G手机,骁龙780G,全网通,8G+128G,清凉薄荷,官方标配【33W充电套装+咨询赠90天碎屏险】
1699.00,小米,红米note11,手机,全网通5G版,双卡双待,5000毫安大电池,神秘黑境,8GB+256GB
3399.00,小米11Pro,5G游戏手机,旗舰骁龙888,全网通,8G+256GB,黑色,官方标配【咨询享90天碎屏险+晒单有礼】
3399.00,小米11Pro,5G游戏手机,旗舰骁龙888,全网通,8G+256GB,黑色,官方标配【咨询享90天碎屏险+晒单有礼】
1899.00,小米,Redmi,红米K40,5G游戏旗舰手机,8G+128G,幻境,官方标配【咨询享90天碎屏险+晒单有礼】
1899.00,【12期免息】红米40S手机,Redmi,K40S新品5G手机小米游戏手机,银迹,6+128GB,官方标配+壕礼12选1
1199.00,小米Redmi红米10x,Pro-10xpro,5G手机,星露白,8+128G,全网通
699.00,小米多亲（QIN）F21,Pro防沉迷学生手机,小爱同学4G全网通戒网瘾,智能触屏按键机双版本可选,铁灰色,3GB+32GB(无摄像头定制版）
869.00,小米Redmi,红米9A,全网通4G手机,湖光绿,6GB+128GB
899.00,Redmi,9A,5000mAh大电量大屏幕大字体大音量,1300万白条分期0首付6期手机,湖光绿,4GB+128GB
699.00,小米多亲Qin2多亲2手机,全网通4G智能机,全面屏小爱同学轻薄迷你,学生儿童学习机触屏老人机备用机,铁灰色+生活嘛壳,官方标配
1239.00,Redmi,Note,11,5G,智能手机,神秘黑境,6GB+128GB
1239.00,Redmi,Note,11,5G,智能手机,神秘黑境,6GB+128GB
699.00,酷比（koobee）X60八核全网通4G智能手机,学生双卡双待超长待机,老人手机小米华为荣耀通用接口,金色（8G+128G）
2099.00,小米Redmi,红米Note11,Pro+,5G手机,神秘黑境,8GB+256GB
4199.00,小米,MIX4,骁龙888+,5G手机,全网通,12+256GB,影青灰,官方标配【咨询享90天碎屏险+晒单有礼】
3499.00,小米12X,5G新品手机,骁龙870,黄金手感,6.28,8GB+128GB,紫色,12期白条免息
3898.00,小米Redmi,红米k50电竞版,5G电竞游戏手机,12G+256G,暗影,官方标配【晒单返30】
699.00,酷比（koobee）X60八核全网通4G智能手机,学生双卡双待超长待机,老人手机小米华为荣耀通用接口,金色（8G+128G）
2099.00,小米Redmi,红米Note11,Pro+,5G手机,神秘黑境,8GB+256GB
3499.00,小米12X,5G新品手机,骁龙870,黄金手感,6.28,8GB+128GB,紫色,12期白条免息
4199.00,小米,MIX4,骁龙888+,5G手机,全网通,12+256GB,影青灰,官方标配【咨询享90天碎屏险+晒单有礼】
3898.00,小米Redmi,红米k50电竞版,5G电竞游戏手机,12G+256G,暗影,官方标配【晒单返30】
8999.00,MIX,FOLD,小米折叠屏手机,5G,2K+折叠屏,骁龙888,一亿像素,哈曼卡顿立体声,黑色,虎年礼盒版16GB+512GB
8999.00,MIX,FOLD,小米折叠屏手机,5G,2K+折叠屏,骁龙888,一亿像素,哈曼卡顿立体声,黑色,虎年礼盒版16GB+512GB
5399.00,小米12,Pro,5G新品手机xiaomi12pro小米11升级版,紫色,12+256GB
429.00,小米多亲QIN,QF9/1s+/F21S老人手机4G全网通,直板按键,功能机学生机备用机老年手机,多亲1s+铁灰色,标配+32G内存卡
1469.00,小米,红米Redmi,Note11,全网通5G手机,天玑810,5000mAh,立体声双扬声,浅梦星河,8GB+128GB
1469.00,小米,红米Redmi,Note11,全网通5G手机,天玑810,5000mAh,立体声双扬声,浅梦星河,8GB+128GB
3599.00,小米Redmi红米K50Pro,新品5G智能手机,天玑9000,AMOLED,柔性直屏,幻镜,12+256G,官方标配【享90天碎屏宝+30元晒单红包】
3299.00,小米12x,新品5G手机,黑色,8+256G全网通（67W原装充电套装）
1799.00,小米,红米note11epro,5G手机,神秘黑境,8+256GB,全网通
679.00,百事乐L13Pro,智能手机,8+128G全网通4G可用5G卡双卡双待,小米VIVO通用接口超薄手机,星空蓝【8+128GB】
2099.00,小米,红米K40S,5G,Redmi新品,手机,银迹,8GB+128GB
4399.00,小米12,新品5G手机,黑色,12+256G,全网通
3999.00,小米红米Redmi,Note11,Pro,5G,1亿像素NFC防爆智能手机,本安EX化工厂天然气专用,防爆定制版（带防爆证书）,8GB+128GB
1299.00,小米红米note11新品5G手机游戏智能手机,神秘黑境,6GB+128GB【官方标配】
3599.00,小米11Pro,5G游戏手机,骁龙888,2KAMOLED四曲面柔性屏,67W无线闪充,3D玻璃工艺,绿色,12GB+256GB碎屏险+67W充电器套装
1099.00,小米,红米Note11,4G手机Redmi新品note11,梦幻晴空,6GB+128GB
1199.00,金立,M30一万毫安大电池高端商务智能手机,全网通4G超长待机三防老人老年机安卓轻奢小米华为通用接口,睿智黑,128G
1169.00,小米,红米,Redmi,Note,9,5G,天玑800U,18W,4800万超清三摄,全网通,流影紫,6GB+128GB
1259.00,小米Redmi,红米Note9,手机,4G全网通手机拍照手机学生手机游戏手机,羽墨黑,8+128G
1089.00,小米,红米note9,全网通5G手机,双卡双待,5000毫安大电池,青山外,8GB+128GB
2244.00,小米,Redmi,红米,Note11,Pro+,游戏智能5G手机,8G+256G,时光静紫,定制套装1【NERV,ONL】防护壳+钻石摸两片装
3799.00,小米,红米Redmi,K50,Pro,5G手机,全网通,12GB+256GB,幻镜,套餐一【24期分期免息】
8999.00,MIX,FOLD小米折叠屏手机,2K+折叠屏,骁龙888,一亿像素,哈曼卡顿立体声,礼盒版16GB+512GB
4398.00,小米Redmi,红米K50电竞版5G新品手机,AMG,F1,冠军版,12G+256G,官方标配【晒单好礼】
3299.01,小米,Redmi,K50,Pro,红米K50Pro,新品5G手机,银迹,8+256G
3899.00,【12期免息】Redmi,红米K50电竞版,全线拉满的冷血旗舰,5G智能电竞游戏手机,小米手机,冰斩,12+256GB
2399.00,小米,红米K40s,骁龙870,5G,Redmi新品手机,亮黑,【12GB+256GB】官方标配
2398.00,小米Redmi,红米K40S,5G新品手机,银迹,12G+256G,官方标配【碎屏险+晒单好礼】
3299.01,小米,Redmi,K50,Pro,红米K50Pro,新品5G手机,银迹,8+256G
3899.00,【12期免息】Redmi,红米K50电竞版,全线拉满的冷血旗舰,5G智能电竞游戏手机,小米手机,冰斩,12+256GB
2399.00,小米,红米K40s,骁龙870,5G,Redmi新品手机,亮黑,【12GB+256GB】官方标配
4499.00,【现货速发】小米Redmi红米K50电竞版,5G智能电竞游戏手机,AMG,F1,冠军版（12+256GB）,官方标配
2398.00,小米Redmi,红米K40S,5G新品手机,银迹,12G+256G,官方标配【碎屏险+晒单好礼】
2099.00,红米Note11Pro+,小米新品5G手机,8GB+256GB时光静紫,标配
979.00,【现货速发】小米Redmi,红米,note9,4G手机,烟波蓝,6GB+128GB【90天碎屏险套装】
699.01,小米,Redmi,红米10A,智能老人,新品手机（红米9A店内可选）,银色,4GB+64GB
2599.00,小米红米Note,9,4G,6000mAh大电池防爆智能手机,化工厂EX本安型防爆手机天然气工业专用,防爆定制升级版（带证书）,4GB+128GB
1299.00,小米红米note11新品5G手机游戏智能手机,神秘黑境,6GB+128GB【官方标配】
3599.00,小米11Pro,5G游戏手机,骁龙888,2KAMOLED四曲面柔性屏,67W无线闪充,3D玻璃工艺,绿色,12GB+256GB碎屏险+67W充电器套装
1139.00,小米红米note9,4G版,小米手机大电池老年机老人机学生机,雾光青,全网通6+128G
1419.00,Redmi,Note11,游戏智能5G手机,小米,红米,8GB+128GB,浅梦星河,官方标配
3999.00,小米12,新品5G手机骁龙8,Gen1,黄金手感,6.28视感屏,120Hz高刷,67W闪充,8+256G,紫色,官方标配【享90天碎屏宝】
3299.01,小米,Redmi,K50,Pro,红米K50Pro,新品5G手机,银迹,8+256G
3899.00,【12期免息】Redmi,红米K50电竞版,全线拉满的冷血旗舰,5G智能电竞游戏手机,小米手机,冰斩,12+256GB
2999.00,小米,红米K50,Redmi新品5G智能手机,幻境,12+256GB,好礼套装【AIR2SE耳机】
1099.00,Redmi,Note,10,5G,天玑700,6.5英寸FHD+高清屏,星云灰,4GB+128GB
979.00,【现货速发】小米Redmi,红米,note9,4G手机,烟波蓝,6GB+128GB【90天碎屏险套装】
699.01,小米,Redmi,红米10A,智能老人,新品手机（红米9A店内可选）,银色,4GB+64GB
2599.00,小米红米Note,9,4G,6000mAh大电池防爆智能手机,化工厂EX本安型防爆手机天然气工业专用,防爆定制升级版（带证书）,4GB+128GB
699.01,小米,红米10a,智能老年人学生新品手机,暗影黑,4+64GB,全网通
799.00,小米Qin多亲F21,Pro,学生手机,按键触屏安卓智能手机,4G全网通,直板按键带家长管控,黑色+杰瑞壳,4+64GB
699.01,小米,红米10a,智能老年人学生新品手机,暗影黑,4+64GB,全网通
799.00,小米Qin多亲F21,Pro,学生手机,按键触屏安卓智能手机,4G全网通,直板按键带家长管控,黑色+杰瑞壳,4+64GB
4899.00,小米11,5G游戏手机【大量现货速发】,雷军签名版,12G+256G,赠55W充电套装+晒单红包
2819.00,小米Redmi,红米K50,5G新品手机,墨羽,12GB+256GB
999.00,小米红米Redmi,9A,全网通手机,湖光绿,白条分期4GB+128GB
2999.00,小米12X,新品5G手机小米12mini,xiaomi11升级版,蓝色,8+128GB
1049.00,小米,Redmi,红米Note10,5G手机,月影银(6GB+128GB),官方标配
1049.00,小米,Redmi,红米Note10,5G手机,月影银(6GB+128GB),官方标配
1599.00,小米Redmi,Note9,Pro,5G手机,【惠采客户】,静默星空,8GB+256GB
6578.00,小米MIX,FOLD,小米折叠屏,5G手机【当天发货】,黑色,12GB+512GB,全网通
6488.00,小米MIX,FOLD,mixfold折叠屏,5G手机,2K+折叠屏,骁龙888,一亿像素,全网通12GB+512GB黑,官方标配
3299.00,小米,红米K50,Pro,Redmi新品5G智能手机,幻境,8+256GB,官方标配
3599.00,小米12X,骁龙870,黄金手感,6.28英寸视感屏,120Hz高刷,5000万超清主摄,5G手机,紫色,12GB+256GB【小米67W充电器套装+碎屏险
6578.00,小米MIX,FOLD,小米折叠屏,5G手机【当天发货】,黑色,12GB+512GB,全网通
6488.00,小米MIX,FOLD,mixfold折叠屏,5G手机,2K+折叠屏,骁龙888,一亿像素,全网通12GB+512GB黑,官方标配
3299.00,小米,红米K50,Pro,Redmi新品5G智能手机,幻境,8+256GB,官方标配
3899.00,小米,红米K50电竞版,Redmi,新品5G手机,骁龙8,双VC散热,冰斩,12+256G,官方标配
979.00,小米,红米Note11,4G手机90Hz高刷屏,5000万三摄5000mAh大电池,4GB+128GB梦幻晴空【碎屏险套装】
2399.00,小米红米Redmi,K40,S,红米智能游戏手机骁龙870,OIS光学防抖,白条分期0首付6期免息,亮黑,12GB+256GB
3899.00,小米12X,新品5G手机,小米12mini青春版,蓝色,8+256GB,24期免息
2299.00,小米,Civi,5G手机,【12期免息可选】,蓝色,8+128G,55w充电器套装,官方标配
3899.00,小米,红米K50电竞版,Redmi,新品5G手机,骁龙8,双VC散热,冰斩,12+256G,官方标配
979.00,小米,红米Note11,4G手机90Hz高刷屏,5000万三摄5000mAh大电池,4GB+128GB梦幻晴空【碎屏险套装】
2399.00,小米红米Redmi,K40,S,红米智能游戏手机骁龙870,OIS光学防抖,白条分期0首付6期免息,亮黑,12GB+256GB
1399.00,小米Redmi红米Note11,5G手机,8GB+128GB,微醺薄荷,官方标配
598.00,小米红米9A,智能老人手机,晴空蓝,全网通4G,(4GB+64GB)
1399.00,小米Redmi红米Note11,5G手机,8GB+128GB,微醺薄荷,官方标配
598.00,小米红米9A,智能老人手机,晴空蓝,全网通4G,(4GB+64GB)
399.00,小米生态21KE,21克,M1SPro老人手机老年机,全网通4G大屏大音量小爱同学,超长待机学生备用,红色,官方标配
2499.00,小米红米Redmi,K40游戏增强版5G,天玑1200游戏手机,120Hz高刷柔性直屏,67W闪充,暗影,12GB+256GB
399.00,小米多亲Qin,1S+直板按键老人手机大屏大字大声,全网通4G老年机远程定位学生手机备用手机功能机,铁灰色+生活嘛壳,官方标配
3599.00,Redmi,K50pro,天玑9000,AMOLED,2K柔性直屏,OIS光学防抖,120W快充,墨羽,12GB+256GB
3599.00,小米,Redmi,红米K50电竞版【红米k40店内可选】,5G游戏手机,12G+128G,银翼,官方标配【晒单返20元红包】
689.00,酷比koobee,M50pro,智能手机全网通4G双卡双待可用5G卡,小米VIVO通用接口学生手机,蜜雪水晶【8+128GB】
639.00,【百亿补贴】小米多亲F21Pro+,全网通4G智能按键手机小爱同学生手机微信触屏老人手机大声音老年机,32G移动联通电信4G版(支持5G卡通话),铁灰色
1349.00,小米Redmi,红米Note10,Pro,5G手机,星纱,全网通(6+128G)【90天碎屏险套装】
699.00,酷比koobee,i18pro,128G苹果款智能手机,全网通4G可用5G卡,小米VIVO充电口手机,星黛紫【8+128GB】
1999.00,小米11青春活力版,骁龙778G处理器,AMOLED柔性直屏,冰峰黑提,8+128G,官方标配【33W充电套装】
2069.00,小米11青春版,5G手机全网通,夏日柠檬,8GB+256GB
399.00,小米生态21KE,21克,M1SPro老人手机老年机,全网通4G大屏大音量小爱同学,超长待机学生备用,红色,官方标配
2499.00,小米红米Redmi,K40游戏增强版5G,天玑1200游戏手机,120Hz高刷柔性直屏,67W闪充,暗影,12GB+256GB
399.00,小米多亲Qin,1S+直板按键老人手机大屏大字大声,全网通4G老年机远程定位学生手机备用手机功能机,铁灰色+生活嘛壳,官方标配
3599.00,Redmi,K50pro,天玑9000,AMOLED,2K柔性直屏,OIS光学防抖,120W快充,墨羽,12GB+256GB
689.00,酷比koobee,M50pro,智能手机全网通4G双卡双待可用5G卡,小米VIVO通用接口学生手机,蜜雪水晶【8+128GB】
639.00,【百亿补贴】小米多亲F21Pro+,全网通4G智能按键手机小爱同学生手机微信触屏老人手机大声音老年机,32G移动联通电信4G版(支持5G卡通话),铁灰色
1349.00,小米Redmi,红米Note10,Pro,5G手机,星纱,全网通(6+128G)【90天碎屏险套装】
699.00,酷比koobee,i18pro,128G苹果款智能手机,全网通4G可用5G卡,小米VIVO充电口手机,星黛紫【8+128GB】
1999.00,小米11青春活力版,骁龙778G处理器,AMOLED柔性直屏,冰峰黑提,8+128G,官方标配【33W充电套装】
4399.00,小米12,骁龙8,Gen1,黄金手感,6.28英寸视感屏白条分期,蓝色,12GB+256GB
599.00,小米,Redmi,红米9A,智能老人,手机,4GB+64GB砂石黑,官方标配
701.00,Redmi,9A4GB+128GB,晴空蓝,游戏智能手机,小米,红米（N)
2099.00,Redmi,K40,旗舰骁龙870,三星AMOLED,120Hz高刷直屏,4800万高清三摄相机,墨羽,8GB+256GB
2199.00,小米,红米Note11pro+,5G手机,一亿像素高清相机天玑920液冷芯,8GB+256GB神秘黑境碎屏宝套装
3689.00,小米Redmi,红米K50,Pro,5G手机,墨羽,12GB+256GB【碎屏险+晒单10红包】
2999.00,小米12X,5G全网通,骁龙870,新品旗舰手机,官方标配,黑色,【8GB+128GB】赠3个月碎屏险
1899.00,红米Redmi,Note,11E,Pro,5G,三星AMOLED120Hz高刷屏,1亿像素,神秘黑境,8GB+128GB
1069.00,小米,红米Note11,4G手机,6GB+128GB神秘黑镜,全网通【搭配90天碎屏险】
1699.00,小米,红米,Redmi,Note,11,Pro,5G,迷雾森林,8GB+128GB
1699.00,Redmi,Note,11,5G智能手机天玑810,5000mAh大电池,小米红米,8GB+256GB,微醺薄荷【移动用户专享优惠】
2199.00,【现货速发】小米11青春活力版,5G手机,骁龙778G,全网通,清凉薄荷【官方标配】,8G+256G【33W充电器套装+晒单红包】
1999.00,小米10青春版,双模5G手机【现货速发】,白桃乌龙,8G+128G
1229.00,小米,Redmi,红米Note10,5G手机,星云灰,全网通（6+128G）白条12期分期免息
3499.00,小米,MIX4,骁龙888+,一体化陶瓷机身,全面屏,一亿像素三摄,全网通手机,陶瓷黑,8GB+128GB
3499.00,小米11,Pro,5G游戏手机,黑色,8GB+256GB
3299.00,小米,Redmi,红米K40,Pro,游戏智能5G手机,晴雪,12GB+256GB【K40Pro+】
1388.00,小米（MI）,小米8,全网通4G,骁龙845旗舰处理器全面屏智能游戏手机,黑色,6GB+128GB
1198.00,小米Redmi,红米Note9,5G手机全网通,天玑800U,4800万超清三摄小米红米游戏智能手机,云墨灰,8GB+128GB
1499.00,小米,红米,Redmi,Note,9,5G,天玑800U,18W,4800万超清三摄,流影紫,8GB+256GB
1999.00,小米红米Redmi,Note,11,Pro,5G,三星AMOLED高刷屏,1亿像素,VC液冷散热,浅梦星河,8GB+256GB
2399.01,小米,Redmi,红米K40S,5G新品手机,幽芒,12G+256G【碎屏险+晒单30红包】
3899.01,小米,Redmi,红米K50,电竞版手机,新品手机,暗影,12GB+256GB
799.00,小米Qin多亲F21,Pro,4G全网通,学生手机,按键触屏安卓智能手机,直板按键带前后摄像头,铁灰色,4+64GB
1188.00,小米,红米Note10,5G,新品Redmi全网通智能手机,月影银,6GB+128GB
598.00,小米,Redmi,红米9A,4G全网通,智能老人手机,小米红米手机,湖光绿,4GB+64GB
1988.00,Redmi红米,K40,旗舰骁龙870,三星AMOLED,120Hz高刷直屏4800万高清三摄相机,幻境,8GB+128GB
1099.00,小米红米Redmi,Note11,4G手机,神秘黑镜,全网通4G+128GB
2199.01,Redmi,红米K40S,5G小米手机,亮黑,8GB+256GB
1699.00,小米,红米,Redmi,Note,11,Pro,5G,迷雾森林,8GB+128GB
1699.00,Redmi,Note,11,5G智能手机天玑810,5000mAh大电池,小米红米,8GB+256GB,微醺薄荷【移动用户专享优惠】
2199.00,【现货速发】小米11青春活力版,5G手机,骁龙778G,全网通,清凉薄荷【官方标配】,8G+256G【33W充电器套装+晒单红包】
1699.00,小米,红米,Redmi,Note,11,Pro,5G,迷雾森林,8GB+128GB
1699.00,Redmi,Note,11,5G智能手机天玑810,5000mAh大电池,小米红米,8GB+256GB,微醺薄荷【移动用户专享优惠】
2199.00,【现货速发】小米11青春活力版,5G手机,骁龙778G,全网通,清凉薄荷【官方标配】,8G+256G【33W充电器套装+晒单红包】
1999.00,小米10青春版,双模5G手机【现货速发】,白桃乌龙,8G+128G
1358.00,小米红米,Redmi,Note,9,Pro,5G,一亿像素,骁龙750G,33W,120Hz刷新率,静默星空,8GB+256GB
2588.00,小米K30至尊版双模5G,天玑1000plus旗舰芯片,120Hz高刷新率小米红米手机,薄荷绿,8GB,256GB
1699.00,Redmi,10X,5G,天玑820,双5G待机,4800万流光相机,水滴全面屏,8GB+128GB,星露白,游戏智能老人手机,小米,红米
639.00,小米多亲F21Pro+,全网通4G学生手机微信抖音防沉迷按键手机小爱同学戒网瘾智能触屏老人机,铁灰色,移动联通电信4G版(支持5G卡通话)
3699.00,【12期分期免息可选】小米12,5G全网通,新品旗舰手机,蓝色,【8GB+128GB】赠3个月碎屏险
2799.00,小米,11,5G手机,骁龙888【现货速发】全网通,黑色,8G+128G
1988.00,Redmi红米,K40,旗舰骁龙870,三星AMOLED,120Hz高刷直屏4800万高清三摄相机,幻境,8GB+128GB
1699.00,Redmi,10X,5G,天玑820,双5G待机,4800万流光相机,水滴全面屏,8GB+128GB,星露白,游戏智能老人手机,小米,红米
1999.00,小米11青春活力版,5G手机,清凉薄荷,8GB+256GB【33W充电套装】
2199.00,小米,红米,Redmi,K40,幻境,12GB+256GB
958.00,小米Redmi,红米9A,智能大屏幕大字体手机,晴空蓝,6GB+128GB
2099.00,小米11青春活力版,5G手机,清凉薄荷,8GB+256GB【晒单返20】
1099.00,小米Redmi,红米Note11,4G手机,时光独白,6GB+128GB
2199.00,小米Redmi,Note,9,Pro,5G,一亿像素,骁龙750G,湖光秋色,官方标准8G+,256G
2699.00,小米Civi,5G手机,全网通,粉色,8G+256GB
2999.00,小米10S,5G新品手机,全网通,5G,游戏手机,12G+256G,白色,原装充电套装版
1888.00,小米红米K40游戏增强版,5G全网通天玑1200旗舰处理器,67W闪充,120Hz高刷直屏,暗影,8GB+128GB
701.00,Redmi,9A,4GB+128GB,砂石黑,智能手机,小米,红米（N）
2999.00,小米10S,5G新品手机,全网通,5G,游戏手机,12G+256G,白色,原装充电套装版
1888.00,小米红米K40游戏增强版,5G全网通天玑1200旗舰处理器,67W闪充,120Hz高刷直屏,暗影,8GB+128GB
1999.00,小米11青春活力版,5G手机,清凉薄荷,8GB+256GB【33W充电套装】
2199.00,小米,红米,Redmi,K40,幻境,12GB+256GB
699.00,酷比koobee,i13pro,新款全网通智能手机,可用5G卡双卡双待,苹果款式小米华为接口学生手机,薄荷绿【8+128GB】
699.00,酷比koobeeM20pro,8+128GB全网通智能手机,5G卡可用指纹解锁人脸识别,小米接口,银光白,8G+128G
699.00,酷派CooL20,八核智能手机,小米VIVO通用接口学生游戏手机,全网通4G可用5G卡,老人机手机,秘海蓝【4+64G】
2499.00,小米,红米k40,5G手机,亮黑,12+256GB全网通（极速专享无赠品）
1098.00,小米*,MI,红米Redmi,Note,11全网通4G手机,6GB+128GB,时光独白
1916.00,小米11青春活力版,骁龙778G处理器,AMOLED柔性直屏,晴光白雪,8GB+256GB,5G时尚手机
701.00,Redmi,9A,4GB+128GB,砂石黑,智能手机,小米,红米（N）
799.00,Redmi,9A,5000mAh,1300万AI相机,八核处理器,人脸解锁,4GB+128GB,砂石黑,智能手机,小米,（企业专享）
799.00,天语,i13,ProMax,迷你全网通智能手机,小屏幕双卡双待可用5G卡,小米VIVO通用接口小手机,碧玉青【128GB】
1699.00,小米Redmi,Note,9,5G（白条6期分期）,全网通手机,青山外,全网通6GB+128GB
699.00,酷比koobeeM20pro,8+128GB全网通智能手机,5G卡可用指纹解锁人脸识别,小米接口,银光白,8G+128G
699.00,酷派CooL20,八核智能手机,小米VIVO通用接口学生游戏手机,全网通4G可用5G卡,老人机手机,秘海蓝【4+64G】
2499.00,小米,红米k40,5G手机,亮黑,12+256GB全网通（极速专享无赠品）
1098.00,小米*,MI,红米Redmi,Note,11全网通4G手机,6GB+128GB,时光独白
1916.00,小米11青春活力版,骁龙778G处理器,AMOLED柔性直屏,晴光白雪,8GB+256GB,5G时尚手机
2599.00,Redmi,K50,银迹,8GB+256GB,5G智能手机(N)
2889.00,小米10S,骁龙870,哈曼卡顿对称式双扬立体声,8GB+256GB,白色,旗舰手机
1599.00,Redmi,Note,10,Pro,5G,天玑1100液冷游戏芯,67W快充,120Hz旗舰变速金刚屏,幻青,8GB+128GB,游戏手机,小米红米
2199.00,Redmi,Note,11,Pro,5G,天玑920,1亿像素,多功能NFC,X轴线性马达,8GB+256GB,神秘黑境,智能手机（N）
2199.00,小米（MI）11青春版,8+256G,清凉薄荷(N)
1899.00,Redmi,Note,11E,Pro,5G,三星AMOLED120Hz高刷屏,1亿像素,67W快充,8GB+256GB,夜海琉璃,手机,小米,红米
2849.00,小米（MI）10S,12+256G,蓝色(n)
1719.00,【现货当天发货】小米10青春版,5G游戏手机,白桃乌龙,全网通5G(8+128G)
6999.00,小米MIX,FOLD,折叠屏5G智能手机,2K+折叠屏,骁龙888,一亿像素,哈曼卡顿立体声,12GB+512GB,黑色
1921.00,Redmi,Note,11,Pro+,5G,天玑920,1亿像素,120W,VC液冷散热,8GB+128GB,神秘黑境,智能手机,小米,红米
928.00,小米Redmi,红米9,5020mAh大电量,大字体大音量大内存全场景AI四摄,碳素黑,4GB+128GB
2599.00,Redmi,K50,天玑8100,2K柔性直屏,OIS光学防抖,67W快充,5500mAh大电量,幽芒,8GB+256GB,5G智能手机,小米红米
2799.00,Redmi,K50,墨羽,12GB+256GB,5G智能手机(N)
1699.00,Redmi,Note,11,5G,神秘黑境,8GB+,256GB【赠中国联通腾讯大王卡】
1599.00,Redmi,Note,10,5G,天玑700,6.5英寸FHD+高清屏,18W快充,月影银,8GB+256GB,智能手机,支持LOGO定制
2199.00,Redmi,Note,11,Pro,5G,天玑920,1亿像素,多功能NFC,X轴线性马达,8GB+256GB,浅梦星河,智能手机（N)
4550.00,小米11,Ultra,至尊,5G,骁龙888,2K,AMOLED四曲面柔性屏,影像新物种,12GB+512GB,黑色,游戏手机
2599.00,Redmi,K50,银迹,8GB+256GB,5G智能手机(N)
3599.00,小米12,骁龙8,Gen1,黄金手感,6.28英寸视感屏,120Hz高刷,5000万超清主摄,67W快充,8GB+256GB,紫色,5G手机
2046.00,小米（MI）Redmi-K40,8+128G,幻境
2799.00,Redmi,K50,天玑8100,2K柔性直屏,OIS光学防抖,67W快充,5500mAh大电量,银迹,12GB+256GB,5G智能手机,小米红米
2149.00,小米Redmi,红米K40游戏增强版,游戏电竞5G手机,暗影,12+256G,官方标配【享90天碎屏险】
2889.00,小米10S,骁龙870,哈曼卡顿对称式双扬立体声,8GB+256GB,白色,旗舰手机
1599.00,Redmi,Note,10,Pro,5G,天玑1100液冷游戏芯,67W快充,120Hz旗舰变速金刚屏,幻青,8GB+128GB,游戏手机,小米红米
2199.00,小米（MI）11青春版,8+256G,清凉薄荷(N)
1899.00,Redmi,Note,11E,Pro,5G,三星AMOLED120Hz高刷屏,1亿像素,67W快充,8GB+256GB,夜海琉璃,手机,小米,红米
2849.00,小米（MI）10S,12+256G,蓝色(n)
1719.00,【现货当天发货】小米10青春版,5G游戏手机,白桃乌龙,全网通5G(8+128G)
6999.00,小米MIX,FOLD,折叠屏5G智能手机,2K+折叠屏,骁龙888,一亿像素,哈曼卡顿立体声,12GB+512GB,黑色
3199.00,小米10S,骁龙870,哈曼卡顿对称式双扬立体声,12GB+256GB,蓝色,旗舰手机
858.00,小米,Redmi,红米Note9,4G手机,羽墨黑,全网通(4G+128G)
799.00,Redmi,10A,5000mAh,暗影黑,4GB+128GB（N）
3799.00,小米12X,5G手机,骁龙870,黄金手感,6.28英寸视感屏,120Hz高刷,蓝色,12GB+256GB
5799.00,小米手机MIX4(8+256G)陶瓷黑(N)
1499.00,Redmi,Note,9,5G,天玑800U,18W快充,4800万超清三摄,青山外,8GB+128GB,游戏智能手机,小米,红米
2399.00,Redmi,Note,11,Pro+,神秘黑境,8GB+256GB【赠中国联通腾讯大王卡】
2699.00,小米10S,骁龙870,哈曼卡顿对称式双扬立体声,8GB+128GB,蓝色,旗舰手机
2889.00,小米10S,骁龙870,哈曼卡顿对称式双扬立体声,8GB+256GB,白色,旗舰手机
1599.00,Redmi,Note,10,Pro,5G,天玑1100液冷游戏芯,67W快充,120Hz旗舰变速金刚屏,幻青,8GB+128GB,游戏手机,小米红米
2199.00,Redmi,Note,11,Pro,5G,天玑920,1亿像素,多功能NFC,X轴线性马达,8GB+256GB,神秘黑境,智能手机（N）
2199.00,小米（MI）11青春版,8+256G,清凉薄荷(N)
1899.00,Redmi,Note,11E,Pro,5G,三星AMOLED120Hz高刷屏,1亿像素,67W快充,8GB+256GB,夜海琉璃,手机,小米,红米
2849.00,小米（MI）10S,12+256G,蓝色(n)
1719.00,【现货当天发货】小米10青春版,5G游戏手机,白桃乌龙,全网通5G(8+128G)
6999.00,小米MIX,FOLD,折叠屏5G智能手机,2K+折叠屏,骁龙888,一亿像素,哈曼卡顿立体声,12GB+512GB,黑色
1921.00,Redmi,Note,11,Pro+,5G,天玑920,1亿像素,120W,VC液冷散热,8GB+128GB,神秘黑境,智能手机,小米,红米
928.00,小米Redmi,红米9,5020mAh大电量,大字体大音量大内存全场景AI四摄,碳素黑,4GB+128GB
2599.00,Redmi,K50,天玑8100,2K柔性直屏,OIS光学防抖,67W快充,5500mAh大电量,幽芒,8GB+256GB,5G智能手机,小米红米
4399.00,小米12,骁龙8,6.28英寸视感屏,120Hz高刷,5000万超清主摄,67W快充,12GB+256GB,蓝色,5G手机（N)
1999.00,Redmi,Note11,Pro,5G手机,天玑920液冷芯,一亿像素超清相机,三星AMOLED屏幕,神秘黑镜,8GB+128GB(N）
1099.00,小米*,Redmi,红米Note9,5G手机,云墨灰,6GB+128GB
2899.00,小米10S,骁龙870,哈曼卡顿对称式双扬立体声,8GB+256GB,白色,旗舰手机
4899.00,小米12,Pro,骁龙8,Gen1,2K,AMOLED,120Hz高刷,5000万超清三主摄,120W小米澎湃秒充,8GB+256GB,黑色,5G手机
3199.00,小米10S,骁龙870,哈曼卡顿对称式双扬立体声,12GB+256GB,蓝色,旗舰手机
858.00,小米,Redmi,红米Note9,4G手机,羽墨黑,全网通(4G+128G)
3899.00,Redmi,K50,电竞版5G游戏手机,骁龙8,双VC散热,OLED柔性直屏,暗影,12GB+256GB
2399.00,Redmi,Note,11,Pro+,神秘黑境,8GB+256GB【赠中国联通腾讯大王卡】
2699.00,小米10S,骁龙870,哈曼卡顿对称式双扬立体声,8GB+128GB,蓝色,旗舰手机
2199.00,小米,MI,Redmi,K40,5G,8+128G,亮黑（N)
3999.00,小米（MI）10,蜜桃金,8GB+128GB
3399.00,小米11,5G,骁龙888,2K,AMOLED四曲面柔性屏,1亿像素,8GB+256GB,烟紫（素皮）,手机
3299.00,小米11,5G游戏手机,骁龙888,2K,AMOLED四曲面柔性屏,蓝色,12+256G,官方标配
3169.00,小米11,5G旗舰,新品游戏手机,白色,8G+256G【55W充电套装+晒单30红包】
2519.00,小米Redmi,K40,Pro/K40,Pro+,5G手机,骁龙888,三星E4120Hz高刷直屏,墨羽,8+256G,官方标配
2799.00,Redmi,K40,Pro,骁龙888,6400万高清三摄,8GB+256GB,晴雪,游戏电竞5G手机,小米红米
2149.00,【12期免息】红米K50电竞版,新品5G手机,小米手机RedmiK40游戏增强版可选,K40游戏版-12+256GB,暗影,官方标配【壕礼12选1】
2399.00,小米Civi,120Hz曲面原色屏4500mAh大电量丝绒AG工艺,新品5G手机,闪闪黑,12+256G,官方标配【享90天碎屏险】
3899.00,Redmi,K50,电竞版,小米Redmi,红米k50,电竞版,新品手机,游戏手机,冰斩,12GB+256GB
1739.00,小米Redmi,红米K40游戏增强版,游戏电竞5G手机,6GB+128GB,暗影,【90天碎屏险套餐版】
2999.00,小米11青春版,5G手机,冰峰黑提,8+256G,全网通
1699.00,小米11青春版,5G全网通游戏手机,冰峰黑提,8+128G,官方标配【33W充电套装版】
6488.00,小米MIX,FOLD,mixfold折叠屏,5G手机,全网通12GB+512GB黑,官方标配
2299.00,小米,红米,Redmi,K40S,骁龙870,幻境,12GB+256GB
